gene_symbol,official_note,article_count
TNF,TNF,55
IL6,IL6,38
NLRP3,NLRP3,14
MTOR,MTOR,14
IL10,IL10,11
FOS,FOS,11
MAP1LC3A/B/C,LC3→MAP1LC3A/B/C,10
STAT3,STAT3,10
BECN1,BECLIN→BECN1,10
BCL2,BCL2,9
CD4,CD4,7
GFAP,GFAP,7
TRPV1,TRPV1,7
BBB,BBB,7
GPX4,GPX4,7
TLR4,TLR4,7
BDNF,BDNF,6
LPS,LPS,6
GSH,GSH,6
CON,CON,6
HIF,HIF,6
OSTEOARTHRITIS,OSTEOARTHRITIS,6
REGISTRATION,REGISTRATION,6
BAX,BAX,6
AMH,AMH,6
TG,TG,6
SOD,SOD,6
VEGF,VEGF,6
CD8,CD8,6
CREB,CREB,6
PARKIN,PARKIN,6
PINK1,PINK1,6
VESSEL,VESSEL,6
NRF2,NRF2,6
SLC7A11,SLC7A11,5
IVDD,IVDD,5
DEPRESSION,DEPRESSION,5
INFLAMMATION,INFLAMMATION,5
MMP3,MMP3,5
JC,JC,5
ULK1,ULK1,5
GSDMD,GSDMD,5
TOLL,TOLL,5
L5,L5,5
CA1,CA1,5
INTERVERTEBRAL,INTERVERTEBRAL,5
FSH,FSH,5
COA,COA,5
MWT,MWT,5
TC,TC,5
ARTHRITIS,ARTHRITIS,5
DISEASE,DISEASE,5
MECHANICAL,MECHANICAL,5
ACTIVATION,ACTIVATION,5
AST,AST,5
RHEUMATOID,RHEUMATOID,5
ICH,ICH,5
SCFAS,SCFAS,5
L4,L4,5
UC,UC,5
NEURONAL,NEURONAL,5
DRG,DRG,5
INHIBITION,INHIBITION,5
HIPPOCAMPAL,HIPPOCAMPAL,5
CATGUT,CATGUT,5
PROTEOMICS,PROTEOMICS,5
OFT,OFT,5
ACSL4,ACSL4,4
INTEGR,INTEGR,4
PLEASE,PLEASE,4
VIP,VIP,4
PGE2,PGE2,4
HIF1A,HIF1A,4
CLOCK,CLOCK,4
PCPA,PCPA,4
MULTIPLE,MULTIPLE,4
GSEA,GSEA,4
CD206,CD206,4
MOLECULAR,MOLECULAR,4
SMAD,SMAD,4
CA2,CA2,4
ALCIAN,ALCIAN,4
GUT,GUT,4
INTESTINAL,INTESTINAL,4
OCCLUDIN,OCCLUDIN,4
MODULATES,MODULATES,4
POST,POST,4
FINS,FINS,4
LDL,LDL,4
SN,SN,4
PKM2,PKM2,4
TARGETING,TARGETING,4
ASC,ASC,4
DISC,DISC,4
HPA,HPA,4
MANUAL,MANUAL,4
NE,NE,4
DE,DE,4
ISCHEMIA,ISCHEMIA,4
REPERFUSION,REPERFUSION,4
TRAP,TRAP,4
TRANSMISSION,TRANSMISSION,4
DEG,DEG,4
SUPPRESSING,SUPPRESSING,4
IBA,IBA,4
ALT,ALT,4
JNK,JNK,4
IS,IS,4
MODULATION,MODULATION,4
LH,LH,4
POR,POR,4
ACE,ACE,4
INVESTIGATION,INVESTIGATION,4
MPTP,MPTP,4
GASTRIC,GASTRIC,4
FC,FC,4
EVANS,EVANS,4
DRGS,DRGS,4
REVEALS,REVEALS,4
EMBEDDING,EMBEDDING,4
CAG,CAG,4
LDH,LDH,4
RELEVANCE,RELEVANCE,4
APP,APP,4
PS1,PS1,4
YANGMING,YANGMING,4
FOOT,FOOT,4
EPM,EPM,4
KEAP1,KEAP1,4
GOVERNOR,GOVERNOR,4
CXCL10,CXCL10,3
ACC,ACC,3
IMAGING,IMAGING,3
SVM,SVM,3
WARM,WARM,3
POLYMERASE,POLYMERASE,3
REACTION,REACTION,3
OA,OA,3
NEUROPATHIC,NEUROPATHIC,3
TOGETHER,TOGETHER,3
DEPS,DEPS,3
MILD,MILD,3
MMP2,MMP2,3
MMP9,MMP9,3
ACCUMULATING,ACCUMULATING,3
FIRMICUTES,FIRMICUTES,3
ACID,ACID,3
PRECLINICAL,PRECLINICAL,3
SEPSIS,SEPSIS,3
GW4869,GW4869,3
CORE,CORE,3
EXPLORING,EXPLORING,3
IDD,IDD,3
PCOS,PCOS,3
VAGINAL,VAGINAL,3
INHIBITING,INHIBITING,3
MICROBIOTA,MICROBIOTA,3
H4,H4,3
YANG,YANG,3
EMG,EMG,3
IMMUNE,IMMUNE,3
L1,L1,3
TREM2,TREM2,3
AKT1,AKT1,3
RAS,RAS,3
DEGENERATION,DEGENERATION,3
PTSD,PTSD,3
SUBSEQUENT,SUBSEQUENT,3
OUTCOMES,OUTCOMES,3
BIOINFORMATIC,BIOINFORMATIC,3
TH,TH,3
FINDINGS,FINDINGS,3
MICROGLIAL,MICROGLIAL,3
MYD88,MYD88,3
SHAOYANG,SHAOYANG,3
WAIGUAN,WAIGUAN,3
ATTENUATES,ATTENUATES,3
MODULATING,MODULATING,3
FE2,FE2,3
SMA,SMA,3
GLUT1,GLUT1,3
CANCER,CANCER,3
PROMOTING,PROMOTING,3
CORRELATION,CORRELATION,3
TLR,TLR,3
MUCOSAL,MUCOSAL,3
ZEA,ZEA,3
ATG5,ATG5,3
LACTOBACILLUS,LACTOBACILLUS,3
B2,B2,3
B6,B6,3
NEUN,NEUN,3
ATF6,ATF6,3
PTEN,PTEN,3
STRESS,STRESS,3
ALTERATIONS,ALTERATIONS,3
SIRT1,SIRT1,3
ZHUANG,ZHUANG,3
FOXP3,FOXP3,3
COMBINING,COMBINING,3
NPCS,NPCS,3
APOPTOSIS,APOPTOSIS,3
ARTEMISIA,ARTEMISIA,3
CNS,CNS,3
GC,GC,3
AGAINST,AGAINST,3
WAT,WAT,3
NEURAL,NEURAL,3
BB,BB,3
IGE,IGE,3
CXCR4,CXCR4,3
PROTEOMIC,PROTEOMIC,3
QTOF,QTOF,3
FFA,FFA,3
COUNTING,COUNTING,3
FST,FST,3
TARGETED,TARGETED,3
DECOCTION,DECOCTION,3
POCD,POCD,3
LC3B,LC3B,3
JAK2,JAK2,3
DRP1,DRP1,3
MFN2,MFN2,3
LY294002,LY294002,3
MLA,MLA,3
GLUT4,GLUT4,3
LEPRFA,LEPRFA,3
ZDF,ZDF,3
ZUCKER,ZUCKER,3
JANUS,JANUS,3
WNT3A,WNT3A,3
UNC,UNC,3
DGP,DGP,3
GMP,GMP,3
STING,STING,3
S100A10,S100A10,2
GENETIC,GENETIC,2
OPRM1,OPRM1,2
TOLUIDINE,TOLUIDINE,2
HAMILTON,HAMILTON,2
INSTITUTES,INSTITUTES,2
EXPLORATION,EXPLORATION,2
AIS,AIS,2
EPUB,EPUB,2
FERROPTOSIS,FERROPTOSIS,2
NEUROPROTECTIVE,NEUROPROTECTIVE,2
PA,PA,2
NTG,NTG,2
BOWEL,BOWEL,2
WAS,WAS,2
DUSP1,DUSP1,2
IDENTIFICATION,IDENTIFICATION,2
BMAL1,BMAL1,2
INSOMNIAC,INSOMNIAC,2
MONGOLIAN,MONGOLIAN,2
REGULATING,REGULATING,2
ENRICHMENT,ENRICHMENT,2
IMPAIRMENT,IMPAIRMENT,2
MIDDLE,MIDDLE,2
OCCLUSION,OCCLUSION,2
TRANSCRIPTION,TRANSCRIPTION,2
COH,COH,2
D5,D5,2
GB30,GB30,2
MD,MD,2
DIABETIC,DIABETIC,2
WGCNA,WGCNA,2
CTNNB1,CTNNB1,2
HOSPITAL,HOSPITAL,2
TREATING,TREATING,2
UNIPROT,UNIPROT,2
CD86,CD86,2
EP,EP,2
PHN,PHN,2
SKELETAL,SKELETAL,2
ADAMTS,ADAMTS,2
BACTEROIDETES,BACTEROIDETES,2
COMPARATIVE,COMPARATIVE,2
FECAL,FECAL,2
FMT,FMT,2
PROTEOBACTERIA,PROTEOBACTERIA,2
CFS,CFS,2
NK,NK,2
WOMEN,WOMEN,2
GREEN,GREEN,2
RED,RED,2
BULK,BULK,2
CD63,CD63,2
EXOSOMES,EXOSOMES,2
TSG101,TSG101,2
APRIL,APRIL,2
COCHRANE,COCHRANE,2
ZIGONG,ZIGONG,2
TRPA1,TRPA1,2
B1,B1,2
FAST,FAST,2
FCM,FCM,2
POLYCYSTIC,POLYCYSTIC,2
AMELIORATE,AMELIORATE,2
RANDOM,RANDOM,2
BARNES,BARNES,2
EGR1,EGR1,2
H3,H3,2
H4K12LA,H4K12LA,2
ALLEVIATE,ALLEVIATE,2
MIGRAINE,MIGRAINE,2
ACHILLES,ACHILLES,2
BGP,BGP,2
DICKKOPF,DICKKOPF,2
DKK1,DKK1,2
CD40,CD40,2
LAT,LAT,2
OMICS,OMICS,2
REVEALING,REVEALING,2
SKIN,SKIN,2
STIMULATION,STIMULATION,2
LUXOL,LUXOL,2
RAGE,RAGE,2
ESR1,ESR1,2
SRC,SRC,2
GARCIA,GARCIA,2
GTPASE,GTPASE,2
ADIPOQ,ADIPOQ,2
BRIDGING,BRIDGING,2
INFRASTRUCTURE,INFRASTRUCTURE,2
INTERVENTIONS,INTERVENTIONS,2
SLC6A4,SLC6A4,2
TSP,TSP,2
BGN,BGN,2
MYOCARDIAL,MYOCARDIAL,2
PC,PC,2
PRETREATMENT,PRETREATMENT,2
DCN,DCN,2
HA,HA,2
HT3R,HT3R,2
ICAM,ICAM,2
ICAM1,ICAM1,2
BENEFICIAL,BENEFICIAL,2
MIND,MIND,2
CRF,CRF,2
ASD,ASD,2
AUTISM,AUTISM,2
GSK,GSK,2
SHEN,SHEN,2
VPA,VPA,2
ASTROCYTE,ASTROCYTE,2
CB1,CB1,2
ICS,ICS,2
OMNIBUS,OMNIBUS,2
COL,COL,2
COLLAGEN,COLLAGEN,2
LUNG,LUNG,2
GLUT3,GLUT3,2
IMMUNOSORBENT,IMMUNOSORBENT,2
LEARNING,LEARNING,2
SH,SH,2
SY5Y,SY5Y,2
ASP,ASP,2
N6,N6,2
TOMM20,TOMM20,2
SCFA,SCFA,2
TUMOR,TUMOR,2
CHAO1,CHAO1,2
SHANNON,SHANNON,2
BARRIER,BARRIER,2
THERMAL,THERMAL,2
HFD,HFD,2
ATG12,ATG12,2
SEA,SEA,2
CIA,CIA,2
ILLUMINA,ILLUMINA,2
DEMIRNAS,DEMIRNAS,2
WHOLE,WHOLE,2
CELLULAR,CELLULAR,2
IRE1,IRE1,2
PERK,PERK,2
TARGETSCAN,TARGETSCAN,2
HDAC2,HDAC2,2
PARKINSONISM,PARKINSONISM,2
H3K27AC,H3K27AC,2
ROSE,ROSE,2
ULCER,ULCER,2
KIM,KIM,2
BC,BC,2
BLADDER,BLADDER,2
HYDROGEL,HYDROGEL,2
L6,L6,2
ULCERATIVE,ULCERATIVE,2
WNT7B,WNT7B,2
OGD,OGD,2
MDD,MDD,2
NPC,NPC,2
MMP13,MMP13,2
PREMATURE,PREMATURE,2
PHYLOGENETIC,PHYLOGENETIC,2
AA,AA,2
TFS,TFS,2
AMELIORATED,AMELIORATED,2
BILATERAL,BILATERAL,2
GB13,GB13,2
TPH1,TPH1,2
WT,WT,2
ANALYSES,ANALYSES,2
JUNE,JUNE,2
RECORDS,RECORDS,2
ECG,ECG,2
FIBROSIS,FIBROSIS,2
MOXA,MOXA,2
SMOKE,SMOKE,2
CAM,CAM,2
CRP,CRP,2
INFARCTION,INFARCTION,2
PROTECTIVE,PROTECTIVE,2
STAT5,STAT5,2
ANALGESIA,ANALGESIA,2
DORSAL,DORSAL,2
GANGLIA,GANGLIA,2
PWTS,PWTS,2
ROOT,ROOT,2
PVS,PVS,2
CPP,CPP,2
NSCLC,NSCLC,2
OBESE,OBESE,2
CORD,CORD,2
TNBS,TNBS,2
JUN,JUN,2
EYE,EYE,2
MCP,MCP,2
TIMP,TIMP,2
SAMP8,SAMP8,2
FERTILIZATION,FERTILIZATION,2
UNDERGOING,UNDERGOING,2
SUITE,SUITE,2
TWELVE,TWELVE,2
ALLERGIC,ALLERGIC,2
LIFE,LIFE,2
CIRCULATING,CIRCULATING,2
PARTICIPANTS,PARTICIPANTS,2
PERICARDIUM,PERICARDIUM,2
ATROPHIC,ATROPHIC,2
BEIJING,BEIJING,2
GASTRITIS,GASTRITIS,2
AIA,AIA,2
BNP,BNP,2
CG,CG,2
DIA,DIA,2
OVA,OVA,2
PE,PE,2
UCG,UCG,2
ANOVA,ANOVA,2
GNRH,GNRH,2
OVARIAN,OVARIAN,2
ULTRA,ULTRA,2
CXCL12,CXCL12,2
ADJACENT,ADJACENT,2
MSALL,MSALL,2
SWATH,SWATH,2
SHENQUE,SHENQUE,2
CR,CR,2
TCA,TCA,2
GRAPHENE,GRAPHENE,2
SAP,SAP,2
ACTH,ACTH,2
CORT,CORT,2
SHENMEN,SHENMEN,2
CHOP,CHOP,2
SCALP,SCALP,2
HDL,HDL,2
ACT,ACT,2
PEF,PEF,2
CONCEPTION,CONCEPTION,2
GAPDH,GAPDH,2
MATERIAL,MATERIAL,2
MEK,MEK,2
MARCH,MARCH,2
HDMS,HDMS,2
NARRATIVE,NARRATIVE,2
LUMBAR,LUMBAR,2
ADDITIONAL,ADDITIONAL,2
EIGHTEEN,EIGHTEEN,2
IPA,IPA,2
CCK,CCK,2
SPT,SPT,2
TRKB,TRKB,2
REGULATE,REGULATE,2
ARE,ARE,2
AG490,AG490,2
DECEMBER,DECEMBER,2
OPA1,OPA1,2
GLYCOLYSIS,GLYCOLYSIS,2
NOTCH,NOTCH,2
ANG,ANG,2
B3,B3,2
IRS1,IRS1,2
BZATP,BZATP,2
P2X7,P2X7,2
INCLUSION,INCLUSION,2
REACTIVE,REACTIVE,2
LEE,LEE,2
HK2,HK2,2
IRS,IRS,2
AMD3100,AMD3100,2
ERK1,ERK1,2
SHANGXING,SHANGXING,2
COL2,COL2,2
LEQUESNE,LEQUESNE,2
TREGS,TREGS,2
ES,ES,2
GASDERMIN,GASDERMIN,2
TIAOSHEN,TIAOSHEN,2
IGF1R,IGF1R,2
LIKE,LIKE,2
NSC,NSC,2
NSCS,NSCS,2
BUN,BUN,2
DKD,DKD,2
SCR,SCR,2
KELCH,KELCH,2
EOSINOPHIL,EOSINOPHIL,2
MLST,MLST,2
CLAUDIN,CLAUDIN,2
EFFECTIVE,EFFECTIVE,2
NALOXONE,NALOXONE,2
MRM,MRM,2
IRF3,IRF3,2
RETROGRADE,RETROGRADE,2
EAE,EAE,2
LEPR,LEPR,2
OIL,OIL,2
VAGUS,VAGUS,2
MOR,MOR,2
MULTIMODAL,MULTIMODAL,2
IBA1,IBA1,2
PWTL,PWTL,2
CLIQUE,CLIQUE,1
CXCL8,CXCL8,1
IFNG,IFNG,1
IL1B,IL1B,1
IL2,IL2,1
IL4,IL4,1
MSK1,MSK1,1
HOXA10,HOXA10,1
ITGB5,ITGB5,1
RIF,RIF,1
COMT,COMT,1
GABRB3,GABRB3,1
IGA,IGA,1
LTBP3,LTBP3,1
PLXNB2,PLXNB2,1
NGF,NGF,1
TRKA,TRKA,1
NPY,NPY,1
PSM,PSM,1
SQSTM1,SQSTM1,1
XIAWAN,XIAWAN,1
LETTER,LETTER,1
SIGNIFICANCE,SIGNIFICANCE,1
CHENG,CHENG,1
HUANG,HUANG,1
JF,JF,1
XC,XC,1
XP,XP,1
ZH,ZH,1
MYCOBACTERIUM,MYCOBACTERIUM,1
PRESENTATION,PRESENTATION,1
SUCCESSFUL,SUCCESSFUL,1
CHOLESTA,CHOLESTA,1
DIGOXIGENIN,DIGOXIGENIN,1
FN14,FN14,1
LICOFELONE,LICOFELONE,1
LYPD3,LYPD3,1
MOD,MOD,1
PRSS22,PRSS22,1
TNFRSF12A,TNFRSF12A,1
TWEAK,TWEAK,1
CASP3,CASP3,1
JOINT,JOINT,1
MAPK1,MAPK1,1
NFKB,NFKB,1
QUERCETIN,QUERCETIN,1
TANG,TANG,1
TONG,TONG,1
ANTERIOR,ANTERIOR,1
CINGULATE,CINGULATE,1
GIVEN,GIVEN,1
IMPACT,IMPACT,1
ACECLUSTER,ACECLUSTER,1
CONSENSUS,CONSENSUS,1
HDAC3,HDAC3,1
NSRP1,NSRP1,1
RFE,RFE,1
SPRED1,SPRED1,1
WNA,WNA,1
IMPROVING,IMPROVING,1
MEDICAL,MEDICAL,1
PER1,PER1,1
PER2,PER2,1
REALTIME,REALTIME,1
SLEEP,SLEEP,1
ASSOCIATED,ASSOCIATED,1
DCIS,DCIS,1
DISTAL,DISTAL,1
GNA13,GNA13,1
HIPK2,HIPK2,1
STAMBP,STAMBP,1
AVP,AVP,1
CTR,CTR,1
D4,D4,1
EXPERIMENT,EXPERIMENT,1
P4,P4,1
SCN,SCN,1
UTERINE,UTERINE,1
ZT12,ZT12,1
ZT4,ZT4,1
ZT8,ZT8,1
NANOCOMPOSITE,NANOCOMPOSITE,1
PLGA,PLGA,1
AXIN1,AXIN1,1
CORRELATIONS,CORRELATIONS,1
HC,HC,1
OLINK,OLINK,1
RATING,RATING,1
SELF,SELF,1
SIRT2,SIRT2,1
UNLABELLED,UNLABELLED,1
ADVANCED,ADVANCED,1
CENTRAL,CENTRAL,1
DN,DN,1
NEUROMODULATION,NEUROMODULATION,1
PRISMA,PRISMA,1
EXISTING,EXISTING,1
GNGT2,GNGT2,1
HD,HD,1
MYOPIA,MYOPIA,1
PDE6H,PDE6H,1
UNVEILING,UNVEILING,1
ASSESSMENT,ASSESSMENT,1
CGFR,CGFR,1
ERBB,ERBB,1
ERBB2,ERBB2,1
IBM,IBM,1
MATERNAL,MATERNAL,1
MODELER,MODELER,1
POSTPARTUM,POSTPARTUM,1
PROVINCIAL,PROVINCIAL,1
PUR,PUR,1
RETENTION,RETENTION,1
TP53,TP53,1
A20,A20,1
ARG,ARG,1
PDM,PDM,1
GB8,GB8,1
HIT,HIT,1
MWOA,MWOA,1
XUANYANG,XUANYANG,1
ZHITONG,ZHITONG,1
NAV1,NAV1,1
WRIST,WRIST,1
ACEIS,ACEIS,1
ARBS,ARBS,1
CTGF,CTGF,1
FAPS,FAPS,1
MESENCHYMAL,MESENCHYMAL,1
MSCS,MSCS,1
YAP,YAP,1
BEE,BEE,1
BSA,BSA,1
GW9662,GW9662,1
LIVE,LIVE,1
CONSTIPATION,CONSTIPATION,1
FARNESOID,FARNESOID,1
HETEROTYPIC,HETEROTYPIC,1
PREDOMINANT,PREDOMINANT,1
FUN14,FUN14,1
FUNDC1,FUNDC1,1
MITOTRACKER,MITOTRACKER,1
TRACKER,TRACKER,1
CLP,CLP,1
FETAL,FETAL,1
IUGR,IUGR,1
PGF,PGF,1
PLACENTAL,PLACENTAL,1
PNE,PNE,1
PRENATAL,PRENATAL,1
MYHC,MYHC,1
MYOD,MYOD,1
MYOG,MYOG,1
NTA,NTA,1
PAX7,PAX7,1
WEIZHONG,WEIZHONG,1
LITERATURE,LITERATURE,1
SINOMED,SINOMED,1
FLOUZIN,FLOUZIN,1
TPEN,TPEN,1
ZN2,ZN2,1
CCK8,CCK8,1
GOLGB1,GOLGB1,1
GOLGIN,GOLGIN,1
SAFRANIN,SAFRANIN,1
SCH772984,SCH772984,1
TUNNEL,TUNNEL,1
ADOPTIVE,ADOPTIVE,1
IL33,IL33,1
INCISIONAL,INCISIONAL,1
HBA1C,HBA1C,1
NCT04193371,NCT04193371,1
SHBG,SHBG,1
H3K18LA,H3K18LA,1
RICTOR,RICTOR,1
AGGLUTININ,AGGLUTININ,1
FLUORESCEIN,FLUORESCEIN,1
GERM,GERM,1
INFLAMMASOME,INFLAMMASOME,1
ISOTHIOCYANATE,ISOTHIOCYANATE,1
REMODELING,REMODELING,1
ROSEBURIA,ROSEBURIA,1
RUMINOCOCCACEAE,RUMINOCOCCACEAE,1
SEPTIC,SEPTIC,1
WGA,WGA,1
WHEAT,WHEAT,1
CALPAIN1,CALPAIN1,1
CUMULATIVE,CUMULATIVE,1
HEMIPLEGIA,HEMIPLEGIA,1
KCC2,KCC2,1
NMDAR,NMDAR,1
NMDAR1,NMDAR1,1
PP1,PP1,1
PSSH,PSSH,1
SPASTIC,SPASTIC,1
COMPOUND,COMPOUND,1
GLUT,GLUT,1
PGC,PGC,1
RBG,RBG,1
TFAM,TFAM,1
ARC,ARC,1
BISKIS,BISKIS,1
CBP,CBP,1
CCH,CCH,1
CHH,CHH,1
DING,DING,1
E1A,E1A,1
FINKEL,FINKEL,1
JINKINS,JINKINS,1
LM,LM,1
YL,YL,1
ARTERIAL,ARTERIAL,1
ATAC,ATAC,1
CUT,CUT,1
HISTONE,HISTONE,1
LACTATE,LACTATE,1
TAG,TAG,1
ZIP14,ZIP14,1
HBMECS,HBMECS,1
HSA,HSA,1
MIGRATION,MIGRATION,1
PECAM1,PECAM1,1
REDUCE,REDUCE,1
TRANSWELL,TRANSWELL,1
UPREGULATES,UPREGULATES,1
ALP,ALP,1
BMP2,BMP2,1
JIA,JIA,1
MEMBER,MEMBER,1
RIBOSOMAL,RIBOSOMAL,1
SMAD1,SMAD1,1
WNT5A,WNT5A,1
CCL17,CCL17,1
CD28,CD28,1
COLON,COLON,1
IL16,IL16,1
LCK,LCK,1
MUC2,MUC2,1
NFATC2,NFATC2,1
PIK3CD,PIK3CD,1
TLR9,TLR9,1
TNFSF11,TNFSF11,1
TNFSF8,TNFSF8,1
ZAP70,ZAP70,1
HCP,HCP,1
HCPS,HCPS,1
MODULATE,MODULATE,1
PRODUCTION,PRODUCTION,1
REDUCES,REDUCES,1
CXCL3,CXCL3,1
LFB,LFB,1
SOX10,SOX10,1
AGE,AGE,1
PPARG,PPARG,1
PREDICTION,PREDICTION,1
RAC,RAC,1
RCTS,RCTS,1
STITCH,STITCH,1
SWISS,SWISS,1
LST1,LST1,1
S100A8,S100A8,1
APOE,APOE,1
DECODING,DECODING,1
HEMORRHAGIC,HEMORRHAGIC,1
ACTIVATING,ACTIVATING,1
ADH,ADH,1
AF,AF,1
AFC,AFC,1
AFCS,AFCS,1
ANNULUS,ANNULUS,1
FIBROSUS,FIBROSUS,1
FORMATION,FORMATION,1
INDUCES,INDUCES,1
MLKL,MLKL,1
NLRP12,NLRP12,1
PANOPTOSIS,PANOPTOSIS,1
PANOPTOSOME,PANOPTOSOME,1
RIPK3,RIPK3,1
DISMANTLING,DISMANTLING,1
EFT,EFT,1
EMOTIONAL,EMOTIONAL,1
FREEDOM,FREEDOM,1
NEUROBIOLOGICAL,NEUROBIOLOGICAL,1
TECHNIQUES,TECHNIQUES,1
ACTIVATES,ACTIVATES,1
ATAS,ATAS,1
CABP4,CABP4,1
CNGB1,CNGB1,1
EMIT,EMIT,1
INSOMNIA,INSOMNIA,1
SAG,SAG,1
TRPM1,TRPM1,1
TYR,TYR,1
GBC,GBC,1
ADRENAL,ADRENAL,1
HYPOTHALAMIC,HYPOTHALAMIC,1
MOVING,MOVING,1
OCTOBER,OCTOBER,1
CONCERNS,CONCERNS,1
DIAGNOSES,DIAGNOSES,1
LESSONS,LESSONS,1
PROTEUS,PROTEUS,1
PS,PS,1
RATIONALE,RATIONALE,1
AZA,AZA,1
AZACYTIDINE,AZACYTIDINE,1
BSP,BSP,1
CPG,CPG,1
HT1AR,HT1AR,1
AQP7,AQP7,1
DM,DM,1
DPN,DPN,1
NEFA,NEFA,1
PLIN4,PLIN4,1
SCD,SCD,1
BIBN4096,BIBN4096,1
MACROPHAGES,MACROPHAGES,1
RAMP1,RAMP1,1
TSP1,TSP1,1
WOUND,WOUND,1
FCRL2,FCRL2,1
NONRATT016536,NONRATT016536,1
CIRCUM,CIRCUM,1
CKA,CKA,1
CTSB,CTSB,1
DEGENERATIVE,DEGENERATIVE,1
LIN,LIN,1
LUM,LUM,1
PING,PING,1
PIROXICAM,PIROXICAM,1
SERPINE1,SERPINE1,1
TNFAIP6,TNFAIP6,1
ATTENUATING,ATTENUATING,1
CEREBELLAR,CEREBELLAR,1
CHEMOGENETIC,CHEMOGENETIC,1
CRUS,CRUS,1
PURKINJE,PURKINJE,1
BK,BK,1
ESCHERICHIA,ESCHERICHIA,1
I2,I2,1
IMPROVED,IMPROVED,1
KININOGEN,KININOGEN,1
KNG1,KNG1,1
PGI2,PGI2,1
PGI2SP,PGI2SP,1
PID,PID,1
STAPHYLOCOCCUS,STAPHYLOCOCCUS,1
SYMPATHETIC,SYMPATHETIC,1
TFF2,TFF2,1
BACKGROUNDNECK,BACKGROUNDNECK,1
METHODSTHIS,METHODSTHIS,1
NECK,NECK,1
RESULTSMIGRAINE,RESULTSMIGRAINE,1
INNOVATIVE,INNOVATIVE,1
ENDOTHELIN,ENDOTHELIN,1
APPROACHES,APPROACHES,1
ONGOING,ONGOING,1
PROBIOTIC,PROBIOTIC,1
C48,C48,1
MIR,MIR,1
MIRNA,MIRNA,1
R1,R1,1
SENNA,SENNA,1
UCN1,UCN1,1
DISORDER,DISORDER,1
SFRP5,SFRP5,1
AUGMENTING,AUGMENTING,1
CANNABINOID,CANNABINOID,1
FIBROMYALGIA,FIBROMYALGIA,1
FM,FM,1
NOCICEPTIVE,NOCICEPTIVE,1
RELIEVES,RELIEVES,1
TRAF6,TRAF6,1
MRS2395,MRS2395,1
P2RY12,P2RY12,1
P2Y12,P2Y12,1
TE5,TE5,1
TNC,TNC,1
TAK1,TAK1,1
C1QA,C1QA,1
C1QB,C1QB,1
C1QC,C1QC,1
C2,C2,1
C6,C6,1
C7,C7,1
COMPLEMENT,COMPLEMENT,1
INFARCTED,INFARCTED,1
REVEALED,REVEALED,1
CDYN,CDYN,1
FE3,FE3,1
FOXO3,FOXO3,1
HYP,HYP,1
IDIOPATHIC,IDIOPATHIC,1
IPF,IPF,1
PF,PF,1
ABMMA,ABMMA,1
BMT,BMT,1
MANAGEMENT,MANAGEMENT,1
PEMFS,PEMFS,1
COMPUTED,COMPUTED,1
EMISSION,EMISSION,1
MAGNETIC,MAGNETIC,1
MWM,MWM,1
POSITRON,POSITRON,1
RESONANCE,RESONANCE,1
ALGORITHMS,ALGORITHMS,1
ARHGAP17,ARHGAP17,1
BIOMARKERS,BIOMARKERS,1
FOREST,FOREST,1
GSE15573,GSE15573,1
GSE17755,GSE17755,1
GSE205962,GSE205962,1
GSE59526,GSE59526,1
GSE93272,GSE93272,1
IDENTIFYING,IDENTIFYING,1
REF,REF,1
VEGFB,VEGFB,1
DUAL,DUAL,1
EXOSOME,EXOSOME,1
DAT,DAT,1
GB,GB,1
IDPN,IDPN,1
MARINIFILACEAE,MARINIFILACEAE,1
MURIBACULACEAE,MURIBACULACEAE,1
STEREOTYPIC,STEREOTYPIC,1
TOURETTE,TOURETTE,1
TS,TS,1
COX7C,COX7C,1
CYTB,CYTB,1
NDUFB11,NDUFB11,1
NDUFB3,NDUFB3,1
NDUFB6,NDUFB6,1
NDUFV1,NDUFV1,1
UQCR11,UQCR11,1
AMPLICON,AMPLICON,1
FABP3,FABP3,1
HMGCS1,HMGCS1,1
METHYLGLUTARYL,METHYLGLUTARYL,1
SYNTHASE,SYNTHASE,1
BREAST,BREAST,1
CD,CD,1
CD5,CD5,1
DENDRITIC,DENDRITIC,1
POTENTIATES,POTENTIATES,1
DUBOSIELLA,DUBOSIELLA,1
MURIBACULUM,MURIBACULUM,1
OVULATION,OVULATION,1
PARAMURIBACULUM,PARAMURIBACULUM,1
INVESTIGATING,INVESTIGATING,1
BID,BID,1
EAMODULATED,EAMODULATED,1
NMS,NMS,1
RS,RS,1
SLC4A5,SLC4A5,1
MPS,MPS,1
MUSCLE,MUSCLE,1
TRANSVERSE,TRANSVERSE,1
AMITRIPTYLINE,AMITRIPTYLINE,1
GOALS,GOALS,1
HEADACHE,HEADACHE,1
INDICATIONS,INDICATIONS,1
PHYSICIANS,PHYSICIANS,1
PROPHYLAXIS,PROPHYLAXIS,1
STATES,STATES,1
UNITED,UNITED,1
MCC950,MCC950,1
ATG,ATG,1
LACHNOSPIRACEAE,LACHNOSPIRACEAE,1
NK4A136,NK4A136,1
TOR,TOR,1
CK,CK,1
MB,MB,1
DECIRCRNAS,DECIRCRNAS,1
DELNCRNAS,DELNCRNAS,1
DEMRNAS,DEMRNAS,1
FRESH,FRESH,1
POOR,POOR,1
CHMP,CHMP,1
CHMP1A,CHMP1A,1
CHMP6,CHMP6,1
GLRX5,GLRX5,1
SIRT3,SIRT3,1
DROSOPHILA,DROSOPHILA,1
ENDOPLASMIC,ENDOPLASMIC,1
ENIGMA,ENIGMA,1
ERS,ERS,1
LRRK2,LRRK2,1
RETICULUM,RETICULUM,1
THBS1,THBS1,1
UNDERCURRENT,UNDERCURRENT,1
UPR,UPR,1
APOD,APOD,1
DENUDED,DENUDED,1
FRAS1,FRAS1,1
FRASER,FRASER,1
GREB1,GREB1,1
LGR6,LGR6,1
RASD1,RASD1,1
DEP,DEP,1
EXTENSIVE,EXTENSIVE,1
PM2,PM2,1
ASIA,ASIA,1
CONSTRUCTING,CONSTRUCTING,1
EAST,EAST,1
FTH1,FTH1,1
NCOA4,NCOA4,1
TREATED,TREATED,1
HDAC,HDAC,1
HDAC1,HDAC1,1
CTL,CTL,1
MPP,MPP,1
COLTRON,COLTRON,1
FOXK1,FOXK1,1
HDAC7,HDAC7,1
KLF13,KLF13,1
SES,SES,1
SOX8,SOX8,1
SUPER,SUPER,1
SIRTUINS,SIRTUINS,1
COMBINATIONS,COMBINATIONS,1
FAK,FAK,1
REPAIR,REPAIR,1
VCL,VCL,1
YUAN,YUAN,1
HS,HS,1
WIE,WIE,1
SDH,SDH,1
BEVACIZUMAB,BEVACIZUMAB,1
COMBINATION,COMBINATION,1
PROVIDES,PROVIDES,1
MS4A2,MS4A2,1
SYK,SYK,1
FORKHEAD,FORKHEAD,1
P3,P3,1
COL1A2,COL1A2,1
G5,G5,1
PBA,PBA,1
REGENERATIVE,REGENERATIVE,1
ADCY1,ADCY1,1
CONTINUED,CONTINUED,1
FGFR3,FGFR3,1
PLA2G4E,PLA2G4E,1
PLA2G4F,PLA2G4F,1
TRP,TRP,1
WNT16,WNT16,1
WNT3,WNT3,1
L41,L41,1
MRPL41,MRPL41,1
NR4A3,NR4A3,1
OXIDATIVE,OXIDATIVE,1
SDD,SDD,1
TBHP,TBHP,1
EXOS,EXOS,1
LBP,LBP,1
LCN2,LCN2,1
LIPOCALIN2,LIPOCALIN2,1
UNLIKE,UNLIKE,1
UTILIZING,UTILIZING,1
FSHR,FSHR,1
GCS,GCS,1
GSVA,GSVA,1
BALANCE,BALANCE,1
DISRUPTION,DISRUPTION,1
THROMBOLYSIS,THROMBOLYSIS,1
AAIAA,AAIAA,1
AAIAA26,AAIAA26,1
AAIAAS,AAIAAS,1
AUXIN,AUXIN,1
COLLINEAR,COLLINEAR,1
DETERMINATION,DETERMINATION,1
IAA,IAA,1
PHYTOHORMONES,PHYTOHORMONES,1
PROMOTER,PROMOTER,1
CHARACTERISTICS,CHARACTERISTICS,1
EB,EB,1
HEMACOLOR,HEMACOLOR,1
MAST,MAST,1
NODAL,NODAL,1
RICH,RICH,1
SURFACE,SURFACE,1
MPST,MPST,1
SLC30A3,SLC30A3,1
LIANQUAN,LIANQUAN,1
S1,S1,1
MSP,MSP,1
BIRC3,BIRC3,1
DREDGING,DREDGING,1
HUB,HUB,1
LIFTING,LIFTING,1
LTBR,LTBR,1
LYDD,LYDD,1
MANIPULATION,MANIPULATION,1
MCODE,MCODE,1
PLCG2,PLCG2,1
TRADD,TRADD,1
CCRL2,CCRL2,1
CD83,CD83,1
NANYANGSHIYONG,NANYANGSHIYONG,1
NANYANGYAOYONG,NANYANGYAOYONG,1
PLANTS,PLANTS,1
APPLYING,APPLYING,1
ASES,ASES,1
RASES,RASES,1
ABNORMALITIES,ABNORMALITIES,1
AFTERWARDS,AFTERWARDS,1
DGES,DGES,1
HTR1A,HTR1A,1
HTR2C,HTR2C,1
ARTEMISIAE,ARTEMISIAE,1
BIOSYNTHESIS,BIOSYNTHESIS,1
FOLIUM,FOLIUM,1
FULL,FULL,1
OFFER,OFFER,1
SMRT,SMRT,1
TERPENOID,TERPENOID,1
TPS,TPS,1
PVCS,PVCS,1
AOC1,AOC1,1
EXPOSED,EXPOSED,1
HSPA1A,HSPA1A,1
HSPA1B,HSPA1B,1
INHALATION,INHALATION,1
LUNGS,LUNGS,1
MAFF,MAFF,1
MX2,MX2,1
TESTING,TESTING,1
COLITIS,COLITIS,1
NCEA,NCEA,1
NCHM,NCHM,1
UCEA,UCEA,1
UCHM,UCHM,1
BRAINSTEM,BRAINSTEM,1
BS,BS,1
MORPHINE,MORPHINE,1
NOWADAYS,NOWADAYS,1
TOLERANT,TOLERANT,1
COL11A1,COL11A1,1
COL24A1,COL24A1,1
COL27A1,COL27A1,1
IFIT1,IFIT1,1
IFIT3,IFIT3,1
IRF7,IRF7,1
OASLA,OASLA,1
PRECONDITION,PRECONDITION,1
CONTRIBUTES,CONTRIBUTES,1
EAP,EAP,1
LAD,LAD,1
RIPC,RIPC,1
BCP,BCP,1
BONE,BONE,1
MRMT,MRMT,1
PEX100,PEX100,1
S6K,S6K,1
SER2448,SER2448,1
THR2446,THR2446,1
AES,AES,1
INSIDE,INSIDE,1
LVS,LVS,1
LYMPH,LYMPH,1
QC,QC,1
RABBIT,RABBIT,1
VESSELS,VESSELS,1
VGLUT2,VGLUT2,1
VMPFC,VMPFC,1
GRAIN,GRAIN,1
LEWIS,LEWIS,1
LLC,LLC,1
PK136,PK136,1
ALLODYNIA,ALLODYNIA,1
CPIP,CPIP,1
CRPS,CRPS,1
PROFILES,PROFILES,1
DIET,DIET,1
TE,TE,1
TREADMILL,TREADMILL,1
CD81,CD81,1
EVIDENCES,EVIDENCES,1
EXOSOMAL,EXOSOMAL,1
NEUROD1,NEUROD1,1
PROMOTES,PROMOTES,1
ASMC,ASMC,1
ASMCS,ASMCS,1
EXPLORER,EXPLORER,1
METALLOTHIONEIN,METALLOTHIONEIN,1
MT,MT,1
PANTHER,PANTHER,1
PHOSPHORYLATION,PHOSPHORYLATION,1
RL,RL,1
AXON,AXON,1
ENDOCYTOSIS,ENDOCYTOSIS,1
ENDOMETRIAL,ENDOMETRIAL,1
ESTROGEN,ESTROGEN,1
OXYTOCIN,OXYTOCIN,1
CIVP,CIVP,1
EASES,EASES,1
FIFTEEN,FIFTEEN,1
VIA,VIA,1
ATF3,ATF3,1
ATF4,ATF4,1
DDIT3,DDIT3,1
GLAUCOMA,GLAUCOMA,1
ONC,ONC,1
OPTIC,OPTIC,1
REVERSES,REVERSES,1
RGC,RGC,1
RGCS,RGCS,1
BUT,BUT,1
CONJUNCTIVAL,CONJUNCTIVAL,1
DES,DES,1
EAG,EAG,1
ELIGIBLE,ELIGIBLE,1
EXPRESSIONS,EXPRESSIONS,1
LOD,LOD,1
RANTES,RANTES,1
TIMP1,TIMP1,1
MIRNAS,MIRNAS,1
SEVENTEEN,SEVENTEEN,1
DANZHONG,DANZHONG,1
ENERGIZER,ENERGIZER,1
TRANSPLANTATION,TRANSPLANTATION,1
CIRCRNA,CIRCRNA,1
NAC,NAC,1
PKG,PKG,1
BTG2,BTG2,1
EGR,EGR,1
GENOMICS,GENOMICS,1
MWA,MWA,1
PARTEK,PARTEK,1
ACCESSIONS,ACCESSIONS,1
B7,B7,1
FAS,FAS,1
FASL,FASL,1
HERB,HERB,1
HPM,HPM,1
ANTIDEPRESSANT,ANTIDEPRESSANT,1
CRS,CRS,1
FRONTAL,FRONTAL,1
RESTRAINT,RESTRAINT,1
STAT5NKO,STAT5NKO,1
NLR,NLR,1
CLINICALTRIALS,CLINICALTRIALS,1
EVALUATION,EVALUATION,1
IMMUNOCAP,IMMUNOCAP,1
METACORE,METACORE,1
NCT02486159,NCT02486159,1
NINETEEN,NINETEEN,1
PHADIATOP,PHADIATOP,1
QUESTIONNAIRE,QUESTIONNAIRE,1
REGISTERED,REGISTERED,1
RHINITIS,RHINITIS,1
UNSUPERVISED,UNSUPERVISED,1
ACET,ACET,1
ADIPOSE,ADIPOSE,1
OVERWEIGHT,OVERWEIGHT,1
BIRC1B,BIRC1B,1
SJ5,SJ5,1
CDH1,CDH1,1
GM13931,GM13931,1
ITIH2,ITIH2,1
MPZL2,MPZL2,1
RDH9,RDH9,1
SERPING1,SERPING1,1
SLC6A13,SLC6A13,1
SLC6A20A,SLC6A20A,1
TPH2,TPH2,1
UCMA,UCMA,1
ANGINA,ANGINA,1
CHICTR,CHICTR,1
FOURTEEN,FOURTEEN,1
H3K4ME,H3K4ME,1
H3K4ME1,H3K4ME1,1
H3K4ME2,H3K4ME2,1
HAND,HAND,1
NOVEMBER,NOVEMBER,1
TRC,TRC,1
TRIALS,TRIALS,1
OLR883,OLR883,1
UPREGULATION,UPREGULATION,1
HYPERTENSIVE,HYPERTENSIVE,1
MICRORNA,MICRORNA,1
MICRORNAS,MICRORNAS,1
SHRS,SHRS,1
ADOLESCENTS,ADOLESCENTS,1
POSTTRAUMATIC,POSTTRAUMATIC,1
PROVINCE,PROVINCE,1
RICHTER,RICHTER,1
SICHUAN,SICHUAN,1
WENCHUAN,WENCHUAN,1
ANKLE,ANKLE,1
ZHENHAN,ZHENHAN,1
CIAA,CIAA,1
TME,TME,1
ABD1,ABD1,1
B602A84F5792,B602A84F5792,1
C96AC314,C96AC314,1
COMMITTEE,COMMITTEE,1
NON,NON,1
SENSITIZED,SENSITIZED,1
BMP4,BMP4,1
COX2,COX2,1
GREM1,GREM1,1
LENTIVIRUS,LENTIVIRUS,1
MD2,MD2,1
PTWTS,PTWTS,1
ANP,ANP,1
BL,BL,1
CARDIAC,CARDIAC,1
CAS,CAS,1
INJECTING,INJECTING,1
LINKER,LINKER,1
MAPK10,MAPK10,1
MAPK11,MAPK11,1
ADLERCREUTZIA,ADLERCREUTZIA,1
AR,AR,1
HM,HM,1
MICROBIOME,MICROBIOME,1
NEIJING,NEIJING,1
OM,OM,1
PATESCIBACTERIA,PATESCIBACTERIA,1
PREVOTELLACEAE,PREVOTELLACEAE,1
SER,SER,1
TURICIBACTER,TURICIBACTER,1
UNTARGETED,UNTARGETED,1
V3,V3,1
V4,V4,1
AAT,AAT,1
FERTILIZED,FERTILIZED,1
FOLLICULAR,FOLLICULAR,1
GN,GN,1
OE,OE,1
ACUPRESSURE,ACUPRESSURE,1
ALS,ALS,1
AMYOTROPHIC,AMYOTROPHIC,1
GSK126,GSK126,1
RAPTOR,RAPTOR,1
SIGNALLING,SIGNALLING,1
SOD1G93A,SOD1G93A,1
ACTB,ACTB,1
ACTN1,ACTN1,1
ANALOGUE,ANALOGUE,1
BIAOBEN,BIAOBEN,1
CCN2,CCN2,1
JOA,JOA,1
ORTHOPAEDIC,ORTHOPAEDIC,1
RAP1,RAP1,1
SELP,SELP,1
VISUAL,VISUAL,1
BASAL,BASAL,1
CIC,CIC,1
CONCANAVALIN,CONCANAVALIN,1
DNMT1,DNMT1,1
FLOS,FLOS,1
HEDGEHOG,HEDGEHOG,1
METHYLATION,METHYLATION,1
TET2,TET2,1
AK1,AK1,1
ALONG,ALONG,1
ANXA6,ANXA6,1
AREAS,AREAS,1
CHANNELS,CHANNELS,1
COL12A1,COL12A1,1
COL14A1,COL14A1,1
COL3A1,COL3A1,1
COL6A1,COL6A1,1
COL6A3,COL6A3,1
COL6A6,COL6A6,1
FMOD,FMOD,1
GOT1,GOT1,1
PIGS,PIGS,1
APPLIED,APPLIED,1
CTRL,CTRL,1
METABOLICS,METABOLICS,1
PLASTER,PLASTER,1
SHENHUANG,SHENHUANG,1
SHP,SHP,1
LINKING,LINKING,1
CA,CA,1
COMPLANATOSIDE,COMPLANATOSIDE,1
METABOANALYST,METABOANALYST,1
NAFLD,NAFLD,1
BUILDING,BUILDING,1
CURCUMAE,CURCUMAE,1
EXPERIMENTS,EXPERIMENTS,1
FURANODIENE,FURANODIENE,1
HSC,HSC,1
HSCS,HSCS,1
RHIZOMA,RHIZOMA,1
RHIZOME,RHIZOME,1
TOFMS,TOFMS,1
VCR,VCR,1
VINEGAR,VINEGAR,1
METABOLITE,METABOLITE,1
PCA,PCA,1
PLS,PLS,1
IMPORTANCE,IMPORTANCE,1
GWUAP,GWUAP,1
ROMBOUTSIA,ROMBOUTSIA,1
ASCORBATE,ASCORBATE,1
GNGAP,GNGAP,1
PHENOL,PHENOL,1
FABP,FABP,1
GPBB,GPBB,1
KDEL,KDEL,1
BEN,BEN,1
BRISTOL,BRISTOL,1
PRINCIPAL,PRINCIPAL,1
TM,TM,1
APOC3,APOC3,1
FABP1,FABP1,1
FATIGUE,FATIGUE,1
IMPROVES,IMPROVES,1
LPL,LPL,1
SLC27A2,SLC27A2,1
CD45,CD45,1
DRA1,DRA1,1
FGL1,FGL1,1
JAGN1,JAGN1,1
LAMP1,LAMP1,1
PNS,PNS,1
PROTEOMEXCHANGE,PROTEOMEXCHANGE,1
PXD034280,PXD034280,1
TMT,TMT,1
FEV1,FEV1,1
FORMOTEROL,FORMOTEROL,1
KAAT,KAAT,1
KECHUANTING,KECHUANTING,1
PI3,PI3,1
SINAPINE,SINAPINE,1
BULBUS,BULBUS,1
CDK1,CDK1,1
CDK2,CDK2,1
CHEK1,CHEK1,1
FB,FB,1
FRITILLARIAE,FRITILLARIAE,1
APPLICATION,APPLICATION,1
DL,DL,1
EPOME,EPOME,1
ULTRAHIGH,ULTRAHIGH,1
REFINED,REFINED,1
EPMT,EPMT,1
TST,TST,1
ABT,ABT,1
ATP5E,ATP5E,1
CACNA2D1,CACNA2D1,1
CONNECTIVE,CONNECTIVE,1
DDA,DDA,1
LHRC,LHRC,1
LHRCM,LHRCM,1
NONMERIDIAN,NONMERIDIAN,1
SCT,SCT,1
SUBCUTANEOUS,SUBCUTANEOUS,1
TRACKS,TRACKS,1
ALCL3,ALCL3,1
ARIL,ARIL,1
DIMOCARPUS,DIMOCARPUS,1
LONGAN,LONGAN,1
LOUR,LOUR,1
AGPAT,AGPAT,1
ALBA,ALBA,1
LIPG,LIPG,1
LPIN,LPIN,1
PAEONIAE,PAEONIAE,1
PLPP,PLPP,1
RPA,RPA,1
ADVERSE,ADVERSE,1
AFFILIATED,AFFILIATED,1
AMCTR,AMCTR,1
CHANGCHUN,CHANGCHUN,1
DYSPEPSIA,DYSPEPSIA,1
IPC,IPC,1
NEPEAN,NEPEAN,1
ULTRAWEAK,ULTRAWEAK,1
CONSIDERING,CONSIDERING,1
ELECTRON,ELECTRON,1
JUL,JUL,1
NCT03599180,NCT03599180,1
BEHAVIOR,BEHAVIOR,1
TRICARBOXYLIC,TRICARBOXYLIC,1
HEREIN,HEREIN,1
MNNG,MNNG,1
ALTERED,ALTERED,1
ORMDL3,ORMDL3,1
SUMMER,SUMMER,1
TWDS,TWDS,1
WINTER,WINTER,1
DIFFER,DIFFER,1
HYPERTENSION,HYPERTENSION,1
INACTIVE,INACTIVE,1
METABOLITES,METABOLITES,1
MULTIVARIATE,MULTIVARIATE,1
PLASMATIC,PLASMATIC,1
GALLBLADDER,GALLBLADDER,1
GMFS,GMFS,1
STIMULATIONS,STIMULATIONS,1
DECIPHERING,DECIPHERING,1
BIOFLUIDS,BIOFLUIDS,1
GM,GM,1
GML,GML,1
LESION,LESION,1
SM,SM,1
PUTATIVE,PUTATIVE,1
DISSECTION,DISSECTION,1
TERM,TERM,1
PROGRAM,PROGRAM,1
FOUNDATION,FOUNDATION,1
NATURAL,NATURAL,1
NSFC,NSFC,1
SEPTEMBER,SEPTEMBER,1
SPECIAL,SPECIAL,1
SYN1,SYN1,1
HISTOPATHOLOGIC,HISTOPATHOLOGIC,1
ARMC5,ARMC5,1
BUZHONG,BUZHONG,1
CS,CS,1
CUSHING,CUSHING,1
POWDER,POWDER,1
PRKACA,PRKACA,1
HERNIATION,HERNIATION,1
HRN,HRN,1
INFLUENCE,INFLUENCE,1
NEEDLING,NEEDLING,1
AHR,AHR,1
CLOSTRIDIA,CLOSTRIDIA,1
DHJSD,DHJSD,1
JISHENG,JISHENG,1
CFL1,CFL1,1
LIMK1,LIMK1,1
PAK1,PAK1,1
FLUOXETINE,FLUOXETINE,1
HT1A,HT1A,1
HT2C,HT2C,1
HTT,HTT,1
PN,PN,1
PRESS,PRESS,1
UNPREDICTABLE,UNPREDICTABLE,1
ERBB4,ERBB4,1
MBP,MBP,1
MYELIN,MYELIN,1
NEUREGULIN1,NEUREGULIN1,1
NRG1,NRG1,1
REGENERATION,REGENERATION,1
T10,T10,1
HRT,HRT,1
LOOKING,LOOKING,1
PARKINSONL,PARKINSONL,1
PROPAGATION,PROPAGATION,1
SYNUCLEIN,SYNUCLEIN,1
DECREASING,DECREASING,1
RANKL,RANKL,1
ABERRATIONS,ABERRATIONS,1
HT4R,HT4R,1
DSS,DSS,1
GOOGLE,GOOGLE,1
NONSEED,NONSEED,1
PHYTOCHEMICAL,PHYTOCHEMICAL,1
SCHOLAR,SCHOLAR,1
SOUR,SOUR,1
ZIZIPHUS,ZIZIPHUS,1
E18,E18,1
INTRACEREBRAL,INTRACEREBRAL,1
MAPK14,MAPK14,1
UBL4A,UBL4A,1
LDHA,LDHA,1
SPS,SPS,1
BMD,BMD,1
GB39,GB39,1
OCN,OCN,1
RUNT,RUNT,1
RUNX2,RUNX2,1
TB,TB,1
XUANZHONG,XUANZHONG,1
CD34,CD34,1
CHF,CHF,1
DAPT,DAPT,1
DLL4,DLL4,1
LVEF,LVEF,1
LVFS,LVFS,1
LVIDS,LVIDS,1
MVD,MVD,1
NOTCH1,NOTCH1,1
LIAN,LIAN,1
TIE,TIE,1
GLUTS,GLUTS,1
MCTS,MCTS,1
NEITING,NEITING,1
BENSHEN,BENSHEN,1
JIN,JIN,1
PROFESSOR,PROFESSOR,1
RIDGES,RIDGES,1
P2X,P2X,1
ABSENCE,ABSENCE,1
ABSTRACTS,ABSTRACTS,1
ARTICLES,ARTICLES,1
ENGLISH,ENGLISH,1
EXCLUSION,EXCLUSION,1
INTEGRATION,INTEGRATION,1
OAS,OAS,1
RELEVANT,RELEVANT,1
REPORTING,REPORTING,1
ATOR,ATOR,1
ATORVASTATIN,ATORVASTATIN,1
FLIP,FLIP,1
H2O2,H2O2,1
SMAD3,SMAD3,1
PDK1,PDK1,1
PFK1,PFK1,1
XINGSHEN,XINGSHEN,1
CRD,CRD,1
DRIVES,DRIVES,1
GW2580,GW2580,1
MACROPHAGE,MACROPHAGE,1
RODENT,RODENT,1
TENDON,TENDON,1
DRAWING,DRAWING,1
LEAN,LEAN,1
S6,S6,1
TNNT2,TNNT2,1
CREA,CREA,1
HUA,HUA,1
HYPERURICEMIA,HYPERURICEMIA,1
NEPHRITIS,NEPHRITIS,1
UA,UA,1
CAT,CAT,1
EIMD,EIMD,1
HCG,HCG,1
OOCYTE,OOCYTE,1
PENETRATIVE,PENETRATIVE,1
PMSG,PMSG,1
SOCS3,SOCS3,1
INCREASING,INCREASING,1
PD98059,PD98059,1
PDTC,PDTC,1
NEEDLE,NEEDLE,1
PERCUTANEOUS,PERCUTANEOUS,1
PNF,PNF,1
ADENOSINE,ADENOSINE,1
AQP5,AQP5,1
DED,DED,1
MONOPHOSPHATE,MONOPHOSPHATE,1
PEPTIDE,PEPTIDE,1
PERSONALIZED,PERSONALIZED,1
SCOPUS,SCOPUS,1
VASOACTIVE,VASOACTIVE,1
DISHEVELLED,DISHEVELLED,1
DVL2,DVL2,1
COL10,COL10,1
MANKIN,MANKIN,1
SYP,SYP,1
CIBERSORT,CIBERSORT,1
GEODATABASE,GEODATABASE,1
GLM,GLM,1
IMMUNOME,IMMUNOME,1
PTGS2,PTGS2,1
RF,RF,1
STAT1,STAT1,1
XGB,XGB,1
ELECTRICAL,ELECTRICAL,1
P2X7R,P2X7R,1
SGCS,SGCS,1
GOVERN,GOVERN,1
QISHEN,QISHEN,1
SAMR1,SAMR1,1
ENDOPHILIN,ENDOPHILIN,1
GAP,GAP,1
FOXO1,FOXO1,1
FPG,FPG,1
G6PASE,G6PASE,1
IGF1,IGF1,1
LL,LL,1
O1,O1,1
PEPCK,PEPCK,1
FRIEDMAN,FRIEDMAN,1
VASCULAR,VASCULAR,1
VD,VD,1
EPHB1,EPHB1,1
EPHBS,EPHBS,1
EPHRINB1,EPHRINB1,1
SB203580,SB203580,1
IRON,IRON,1
MALONDIALDEHYDE,MALONDIALDEHYDE,1
PRUSSIAN,PRUSSIAN,1
SLC7411,SLC7411,1
ZAUSINGER,ZAUSINGER,1
CAP,CAP,1
GTS,GTS,1
DKK,DKK,1
TIMP2,TIMP2,1
WNT2B,WNT2B,1
ASTEGOLIMAB,ASTEGOLIMAB,1
AXIS,AXIS,1
MICROGLIA,MICROGLIA,1
PROTECTS,PROTECTS,1
ACLT,ACLT,1
COMBINATORIAL,COMBINATORIAL,1
DMM,DMM,1
F4,F4,1
FIRE,FIRE,1
FNA,FNA,1
JAK1,JAK1,1
M0,M0,1
MSC,MSC,1
SDF,SDF,1
SOX9,SOX9,1
STAT6,STAT6,1
ACH,ACH,1
BEA,BEA,1
DYSREGULATION,DYSREGULATION,1
PERSPECTIVE,PERSPECTIVE,1
SNS,SNS,1
CCC,CCC,1
GCC,GCC,1
INFARCT,INFARCT,1
MOTOR,MOTOR,1
NEUROGENESIS,NEUROGENESIS,1
NSCT,NSCT,1
TSRNA,TSRNA,1
WNT1,WNT1,1
INJECTION,INJECTION,1
MYC,MYC,1
TRAMETINIB,TRAMETINIB,1
E3,E3,1
METHOTREXATE,METHOTREXATE,1
DRUG,DRUG,1
EMT,EMT,1
FEP,FEP,1
INH,INH,1
GA,GA,1
NOVEL,NOVEL,1
DUODENUM,DUODENUM,1
EMBP,EMBP,1
EOSINOPHILS,EOSINOPHILS,1
SB366791,SB366791,1
BENGAL,BENGAL,1
MRA,MRA,1
NAA,NAA,1
PDGFR,PDGFR,1
T2WI,T2WI,1
BULGARIA,BULGARIA,1
BULGARIAN,BULGARIAN,1
CLOSTRIDIOIDES,CLOSTRIDIOIDES,1
COVID,COVID,1
GRIFFITH,GRIFFITH,1
HYPERVIRULENT,HYPERVIRULENT,1
PREVALENCE,PREVALENCE,1
SOFIA,SOFIA,1
ST1,ST1,1
ST10,ST10,1
ST110,ST110,1
ST16,ST16,1
ST3,ST3,1
ST49,ST49,1
ST52,ST52,1
ST8,ST8,1
ST92,ST92,1
TOXIGENIC,TOXIGENIC,1
TOXIN,TOXIN,1
VARNA,VARNA,1
EOS,EOS,1
ITOPRIDE,ITOPRIDE,1
CRFR1,CRFR1,1
CRFR2,CRFR2,1
DONG,DONG,1
QH,QH,1
SUN,SUN,1
CONNEXIN,CONNEXIN,1
CX26,CX26,1
CX43,CX43,1
CX45,CX45,1
HEDING,HEDING,1
LKSS,LKSS,1
LYSHOLM,LYSHOLM,1
OPG,OPG,1
AGA,AGA,1
CXCR2,CXCR2,1
PHP,PHP,1
Q10,Q10,1
WARMING,WARMING,1
WNM,WNM,1
CCAAT,CCAAT,1
COMPARISON,COMPARISON,1
DPG,DPG,1
GRP78,GRP78,1
QICHONG,QICHONG,1
PVT,PVT,1
SHENGMEN,SHENGMEN,1
AEROBIC,AEROBIC,1
AFP,AFP,1
CARCINOMA,CARCINOMA,1
CONSISTENT,CONSISTENT,1
F6P,F6P,1
G6P,G6P,1
HCC,HCC,1
HEPATOCELLULAR,HEPATOCELLULAR,1
L3,L3,1
NSUN2,NSUN2,1
PROGRESSION,PROGRESSION,1
CAJAL,CAJAL,1
HEA,HEA,1
ICC,ICC,1
ICCS,ICCS,1
LEA,LEA,1
UNTREATED,UNTREATED,1
EAS,EAS,1
SETTING,SETTING,1
TMS,TMS,1
DYSFUNCTION,DYSFUNCTION,1
DUBIN,DUBIN,1
MIA,MIA,1
AQP2,AQP2,1
AQP3,AQP3,1
IGG,IGG,1
IGM,IGM,1
SHAOYIN,SHAOYIN,1
SHUIFEN,SHUIFEN,1
TAIYANG,TAIYANG,1
YONGQUAN,YONGQUAN,1
EGFP,EGFP,1
INTERMITTENT,INTERMITTENT,1
OXT,OXT,1
OXTR,OXTR,1
PVN,PVN,1
PACLITAXEL,PACLITAXEL,1
TRIF,TRIF,1
ASTROCYTES,ASTROCYTES,1
MC4R,MC4R,1
RO27,RO27,1
TCMCB07,TCMCB07,1
CARTILAGE,CARTILAGE,1
DAMAGE,DAMAGE,1
IMPROVE,IMPROVE,1
REGULATES,REGULATES,1
FASTING,FASTING,1
GUBEN,GUBEN,1
MFC,MFC,1
PEIYUAN,PEIYUAN,1
TCGA,TCGA,1
ANTIMICROBIAL,ANTIMICROBIAL,1
DISTRICT,DISTRICT,1
GENOMIC,GENOMIC,1
ST1274,ST1274,1
ST15,ST15,1
ST382,ST382,1
STREPTOCOCCUS,STREPTOCOCCUS,1
THROAT,THROAT,1
COLONIC,COLONIC,1
MARKERS,MARKERS,1
BLOCKING,BLOCKING,1
GABAERGIC,GABAERGIC,1
TRN,TRN,1
AMELIORATES,AMELIORATES,1
EGCS,EGCS,1
ENTERIC,ENTERIC,1
FLUOROCITRATE,FLUOROCITRATE,1
ILEUS,ILEUS,1
IM,IM,1
MUSCARINIC,MUSCARINIC,1
APPSWE,APPSWE,1
CBF,CBF,1
CD31,CD31,1
FUS,FUS,1
PHENOTYPES,PHENOTYPES,1
PREVENTS,PREVENTS,1
PS1DE9,PS1DE9,1
ACIDS,ACIDS,1
BANXIA,BANXIA,1
CHM,CHM,1
HERBAL,HERBAL,1
HONGHUA,HONGHUA,1
R2,R2,1
SYNERGISTIC,SYNERGISTIC,1
TAOREN,TAOREN,1
TIANMA,TIANMA,1
CROSSTALK,CROSSTALK,1
EPAC1,EPAC1,1
MYOCELLULAR,MYOCELLULAR,1
PIEZO2,PIEZO2,1
RESPONSES,RESPONSES,1
AUTOIMMUNE,AUTOIMMUNE,1
ENDORPHIN,ENDORPHIN,1
KOR,KOR,1
LINEAGE,LINEAGE,1
MEDIATES,MEDIATES,1
OPC,OPC,1
OPCS,OPCS,1
OPRK1,OPRK1,1
POMC,POMC,1
REMYELINATION,REMYELINATION,1
BEIXIN,BEIXIN,1
TEAS,TEAS,1
WUXUE,WUXUE,1
CATWALK,CATWALK,1
CEST,CEST,1
FIS1,FIS1,1
GLUCOSE,GLUCOSE,1
MFN1,MFN1,1
ADRB2,ADRB2,1
CIRCUIT,CIRCUIT,1
GVAF,GVAF,1
NTS,NTS,1
BACTEROIDALES,BACTEROIDALES,1
CONCURRENT,CONCURRENT,1
FUT2,FUT2,1
LACTOBACILLALES,LACTOBACILLALES,1
METH,METH,1
METHAMPHETAMINE,METHAMPHETAMINE,1
DHE,DHE,1
DIHYDROETHIDIUM,DIHYDROETHIDIUM,1
MFF,MFF,1
RABBITS,RABBITS,1
ZEALAND,ZEALAND,1
CD11B,CD11B,1
DNMT3A,DNMT3A,1
SCDH,SCDH,1
UNILATERAL,UNILATERAL,1
C1,C1,1
LNCRNA,LNCRNA,1
PODOCYTE,PODOCYTE,1
SOX2,SOX2,1
SOX2OT,SOX2OT,1
SPON2,SPON2,1
UACR,UACR,1
ACNE,ACNE,1
CC1,CC1,1
CC2,CC2,1
CC3,CC3,1
CC5,CC5,1
CCS,CCS,1
FACIAL,FACIAL,1
IA1,IA1,1
IA2,IA2,1
IB,IB,1
INSTITUTE,INSTITUTE,1
MLST8,MLST8,1
ST101,ST101,1
ST115,ST115,1
ST22,ST22,1
ST53,ST53,1
THAILAND,THAILAND,1
UNIQUE,UNIQUE,1
NGN2,NGN2,1
PWMT,PWMT,1
ANE,ANE,1
CCL2,CCL2,1
CCR2,CCR2,1
DRIVEN,DRIVEN,1
NAP,NAP,1
TANK,TANK,1
TBK1,TBK1,1
D0,D0,1
D1,D1,1
D3,D3,1
D7,D7,1
MER,MER,1
MERTK,MERTK,1
GIR,GIR,1
INTRAPERITONEAL,INTRAPERITONEAL,1
IPGTT,IPGTT,1
SIRTINOL,SIRTINOL,1
BCA,BCA,1
FEV0,FEV0,1
FVC,FVC,1
HDM,HDM,1
PBM,PBM,1
SCHIFF,SCHIFF,1
TFR1,TFR1,1
